{"train/epoch": 209, "train/train_loss": 46.47162130475044, "train_step": 209, "train/main_loss": 46.20781108736992, "train/da_loss": 0.0, "train/beta_e": 1, "_timestamp": 1709207071.041877, "_runtime": 3957.661322116852, "_step": 419, "eval/recall@1": 0.0319, "eval/recall@5": 0.1118, "eval/recall@10": 0.1789, "eval/recall@15": 0.2274, "eval/recall@20": 0.2699, "eval/recall@25": 0.3056, "eval/recall@30": 0.3376, "eval/recall@35": 0.3654, "eval/recall@40": 0.3904, "eval/recall@45": 0.4124, "eval/recall@50": 0.4341, "eval/recall@55": 0.4533, "eval/recall@60": 0.4709, "eval/recall@65": 0.4881, "eval/recall@70": 0.5051, "eval/recall@75": 0.5192, "eval/recall@80": 0.534, "eval/recall@85": 0.5456, "eval/recall@90": 0.5571, "eval/recall@95": 0.5678, "eval/recall@100": 0.5802, "eval/ndcg@1": 0.327, "eval/ndcg@5": 0.2811, "eval/ndcg@10": 0.2709, "eval/ndcg@15": 0.2716, "eval/ndcg@20": 0.2775, "eval/ndcg@25": 0.2843, "eval/ndcg@30": 0.2916, "eval/ndcg@35": 0.2989, "eval/ndcg@40": 0.3061, "eval/ndcg@45": 0.3127, "eval/ndcg@50": 0.3194, "eval/ndcg@55": 0.3255, "eval/ndcg@60": 0.3313, "eval/ndcg@65": 0.3369, "eval/ndcg@70": 0.3424, "eval/ndcg@75": 0.3472, "eval/ndcg@80": 0.3522, "eval/ndcg@85": 0.3562, "eval/ndcg@90": 0.3602, "eval/ndcg@95": 0.364, "eval/ndcg@100": 0.3681, "valid/recall@1": 0.0248, "valid/recall@5": 0.0947, "valid/recall@10": 0.1571, "valid/recall@15": 0.2066, "valid/recall@20": 0.248, "valid/recall@25": 0.2826, "valid/recall@30": 0.3126, "valid/recall@35": 0.3404, "valid/recall@40": 0.3658, "valid/recall@45": 0.3879, "valid/recall@50": 0.409, "valid/recall@55": 0.4283, "valid/recall@60": 0.4478, "valid/recall@65": 0.4644, "valid/recall@70": 0.4804, "valid/recall@75": 0.495, "valid/recall@80": 0.509, "valid/recall@85": 0.5209, "valid/recall@90": 0.533, "valid/recall@95": 0.5441, "valid/recall@100": 0.5561, "valid/ndcg@1": 0.2346, "valid/ndcg@5": 0.2139, "valid/ndcg@10": 0.2156, "valid/ndcg@15": 0.2236, "valid/ndcg@20": 0.2331, "valid/ndcg@25": 0.2422, "valid/ndcg@30": 0.2508, "valid/ndcg@35": 0.2595, "valid/ndcg@40": 0.2678, "valid/ndcg@45": 0.2751, "valid/ndcg@50": 0.2821, "valid/ndcg@55": 0.2887, "valid/ndcg@60": 0.2953, "valid/ndcg@65": 0.301, "valid/ndcg@70": 0.3066, "valid/ndcg@75": 0.3116, "valid/ndcg@80": 0.3165, "valid/ndcg@85": 0.3207, "valid/ndcg@90": 0.325, "valid/ndcg@95": 0.329, "valid/ndcg@100": 0.3331, "valid_step": 209, "_wandb": {"runtime": 3957}}